feature,n_players,sd_ct,sd_t,sd_ratio_ct_over_t,ci95_lo_ratio,ci95_hi_ratio,iqr_ct,iqr_t,p_one_sided_perm_IQR
OAP,84,3.49647485788369,5.903650417944902,0.5922564193936191,0.48879841077431074,0.7134355715396706,4.467156283204503,8.924400703812328,9.999000099990002e-05
TAPD,84,3.3359919362949686,4.596741150449673,0.7257297783601819,0.6084447337029003,0.8719782610304715,4.089794355793707,6.483487693890638,0.011198880111988802
PODT,84,2.8180927247852434,3.3281837888604744,0.84673590870116,0.684627892895794,1.0545270046303161,3.9746688404962427,4.594908485015626,0.2790720927907209
POKT,84,2.126359805147035,3.719067534038762,0.5717454135171058,0.4575963943569472,0.7162494459979993,2.4937351422846277,4.831817552898897,0.024997500249975
